seedKey	dataset	key	match
curated:adobo-seasoning	usdaBranded	fdc:2096555	exact
curated:aji-amarillo-paste	usdaBranded	fdc:2009798	exact
curated:aleppo-pepper	ciqual	11088	close
curated:alfredo-sauce	usdaFndds	fdc:2705809	exact
curated:alfredo-sauce	usdaBranded	fdc:2114523	exact
curated:all-purpose-seasoning	usdaBranded	fdc:2620139	exact
curated:anchovy-paste	usdaBranded	fdc:2026262	exact
curated:andouille	usdaFndds	fdc:2706190	generic
curated:andouille	usdaBranded	fdc:1671859	exact
curated:apple-cider	usdaFndds	fdc:2709319	close
curated:apple-cider	usdaBranded	fdc:2437097	exact
curated:apple-nectar	ciqual	2076	exact
curated:apple-nectar	matvaretabellen	06.586	exact
curated:arborio-rice	cofid	11-878	exact
curated:arborio-rice	matvaretabellen	05.384	exact
curated:arborio-rice	usdaBranded	fdc:2072221	exact
curated:armagnac	usdaFndds	fdc:2710699	close
curated:armagnac	ciqual	1023	exact
curated:asiago-cheese	ciqual	12761	exact
curated:asiago-cheese	usdaBranded	fdc:2548470	exact
curated:assorted-chocolates	cofid	17-690	close
curated:assorted-chocolates	usdaBranded	fdc:2541660	exact
curated:bacon-bits	cnf	1979	exact
curated:bacon-bits	usdaBranded	fdc:2112145	exact
curated:balsamic-glaze	usdaBranded	fdc:1861596	exact
curated:balsamic-vinaigrette	ciqual	11108	generic
curated:balsamic-vinaigrette	usdaBranded	fdc:2579059	exact
curated:barbecue-rub	usdaBranded	fdc:1597436	exact
curated:basmati-rice	ciqual	9119	exact
curated:basmati-rice	cofid	11-857	exact
curated:basmati-rice	matvaretabellen	05.305	exact
curated:basmati-rice	usdaBranded	fdc:2381692	exact
curated:bean-soup-mix	usdaBranded	fdc:2675477	exact
curated:beef-bone-broth	usdaFndds	fdc:2707132	generic
curated:beef-bone-broth	usdaBranded	fdc:2154386	exact
curated:beef-stew-seasoning-mix	usdaBranded	fdc:1910822	exact
curated:beet-juice	usdaFndds	fdc:2709682	generic
curated:beet-juice	usdaBranded	fdc:1034601	exact
curated:biscotti	usdaFndds	fdc:2707902	exact
curated:biscotti	matvaretabellen	05.433	exact
curated:biscotti	usdaBranded	fdc:2049170	exact
curated:black-and-white-cookies	usdaBranded	fdc:2116283	exact
curated:black-mustard-seeds	cofid	13-839	close
curated:black-mustard-seeds	matvaretabellen	06.170	close
curated:black-mustard-seeds	usdaBranded	fdc:1126787	exact
curated:black-peppercorns	usdaSrFoundation	fdc:170931	sameSubstance
curated:black-peppercorns	ciqual	11015	sameSubstance
curated:black-peppercorns	cofid	13-880	sameSubstance
curated:black-peppercorns	stfcj	17063	sameSubstance
curated:black-peppercorns	matvaretabellen	12.111	sameSubstance
curated:black-peppercorns	usdaBranded	fdc:2086383	exact
curated:black-truffles	usdaBranded	fdc:2115100	exact
curated:blood-oranges	usdaFndds	fdc:2709171	close
curated:blood-oranges	ciqual	13034	close
curated:blood-oranges	usdaBranded	fdc:2422950	exact
curated:bloody-mary-mix	usdaFndds	fdc:2709730	generic
curated:bloody-mary-mix	usdaBranded	fdc:1899004	exact
curated:bourbon	usdaSrFoundation	fdc:174819	sameSubstance
curated:bourbon	usdaFndds	fdc:2710700	sameSubstance
curated:bourbon	ciqual	1005	sameSubstance
curated:bourbon	cofid	17-247	close
curated:brandy	usdaFndds	fdc:2710699	exact
curated:brandy	ciqual	1023	exact
curated:brandy	cofid	17-247	close
curated:brioche	usdaFndds	fdc:2707682	exact
curated:brioche	ciqual	7740	exact
curated:brioche	ciqual	7742	exact
curated:brioche	ciqual	7746	exact
curated:brioche	matvaretabellen	05.501	exact
curated:brioche	usdaBranded	fdc:2339519	exact
curated:brioche-buns	usdaFndds	fdc:2707682	generic
curated:brioche-buns	usdaBranded	fdc:2171309	exact
curated:brown-basmati-rice	cofid	11-866	exact
curated:brown-basmati-rice	usdaBranded	fdc:2435155	exact
curated:brown-jasmine-rice	ciqual	9102	close
curated:brown-jasmine-rice	cofid	11-866	close
curated:brown-jasmine-rice	matvaretabellen	05.021	close
curated:brown-jasmine-rice	usdaBranded	fdc:2058708	exact
curated:bruschetta-topping	usdaBranded	fdc:2405313	exact
curated:buffalo-chicken-dip	usdaBranded	fdc:2154584	exact
curated:buffalo-wing-sauce	usdaFndds	fdc:2709751	generic
curated:buffalo-wing-sauce	usdaBranded	fdc:2023220	exact
curated:burger-seasoning	usdaBranded	fdc:2028680	exact
curated:butternut-squash-soup	cnf	501521	exact
curated:butternut-squash-soup	usdaBranded	fdc:2661483	exact
curated:cajun-seasoning	usdaBranded	fdc:2375727	exact
curated:calvados	usdaFndds	fdc:2710699	close
curated:calvados	ciqual	1001	close
curated:campari	usdaFndds	fdc:2710623	generic
curated:campari	ciqual	1003	generic
curated:candy-canes	usdaSrFoundation	fdc:167990	sameSubstance
curated:candy-canes	usdaFndds	fdc:2710360	close
curated:candy-canes	ciqual	31059	close
curated:candy-canes	usdaBranded	fdc:1860173	exact
curated:candy-corn	usdaFndds	fdc:2710350	generic
curated:candy-corn	usdaBranded	fdc:1973629	exact
curated:canned-artichoke-hearts	ciqual	20155	exact
curated:canned-artichoke-hearts	matvaretabellen	06.270	exact
curated:canned-artichoke-hearts	usdaBranded	fdc:1859549	exact
curated:canned-herring	ciqual	26232	generic
curated:canned-herring	usdaBranded	fdc:510939	exact
curated:canned-small-red-beans	matvaretabellen	06.133	close
curated:canned-small-red-beans	usdaBranded	fdc:2023258	exact
curated:caramel-dip	usdaFndds	fdc:2710292	exact
curated:caramel-dip	usdaBranded	fdc:2567462	exact
curated:cardamom-pods	ciqual	11075	close
curated:cardamom-pods	cofid	13-809	close
curated:cardamom-pods	matvaretabellen	06.157	close
curated:cardamom-pods	usdaBranded	fdc:1126805	exact
curated:cardamom-seeds	usdaSrFoundation	fdc:170919	sameSubstance
curated:cardamom-seeds	ciqual	11075	sameSubstance
curated:cardamom-seeds	cofid	13-809	sameSubstance
curated:cardamom-seeds	matvaretabellen	06.157	sameSubstance
curated:castelvetrano-olives	usdaFndds	fdc:2710089	close
curated:castelvetrano-olives	ciqual	13033	close
curated:castelvetrano-olives	cofid	14-340	close
curated:castelvetrano-olives	matvaretabellen	06.556	close
curated:castelvetrano-olives	usdaBranded	fdc:2339580	exact
curated:celery-salt	ciqual	11044	exact
curated:celery-salt	usdaBranded	fdc:2060919	exact
curated:chai-concentrate	usdaBranded	fdc:1915678	exact
curated:champagne	ciqual	5207	exact
curated:champagne	cofid	17-757	close
curated:champagne-vinegar	usdaFndds	fdc:2709351	generic
curated:champagne-vinegar	ciqual	11220	close
curated:champagne-vinegar	matvaretabellen	12.119	close
curated:champagne-vinegar	usdaBranded	fdc:1861583	exact
curated:cheese-curds	usdaBranded	fdc:1944814	exact
curated:cherry-tomatoes	ciqual	20172	exact
curated:cherry-tomatoes	cofid	13-519	exact
curated:cherry-tomatoes	stfcj	06183	exact
curated:cherry-tomatoes	matvaretabellen	06.752	exact
curated:chervil	ciqual	11002	exact
curated:chicken-and-wild-rice-soup	usdaBranded	fdc:2661760	exact
curated:chicken-bone-broth	cofid	17-681	generic
curated:chicken-bone-broth	cnf	501763	generic
curated:chicken-bone-broth	usdaBranded	fdc:2396544	exact
curated:chicken-seasoning	usdaBranded	fdc:2011192	exact
curated:chicken-tenderloins	ciqual	36017	close
curated:chicken-tenderloins	usdaBranded	fdc:361384	exact
curated:chicken-tortilla-soup	usdaFndds	fdc:2709162	generic
curated:chicken-tortilla-soup	usdaBranded	fdc:2098110	exact
curated:chili-garlic-sauce	usdaBranded	fdc:1862008	exact
curated:chili-oil	stfcj	17006	exact
curated:chili-oil	usdaBranded	fdc:400080	exact
curated:chinese-five-spice	cofid	13-813	exact
curated:chipotle-peppers-in-adobo-sauce	usdaBranded	fdc:2420526	exact
curated:chocolate-covered-cherries	usdaBranded	fdc:2657708	exact
curated:chocolate-nonpareils	usdaBranded	fdc:2042029	exact
curated:chutney	usdaFndds	fdc:2709309	exact
curated:cinnamon-sticks	usdaSrFoundation	fdc:171320	sameSubstance
curated:cinnamon-sticks	ciqual	11025	sameSubstance
curated:cinnamon-sticks	cofid	13-874	sameSubstance
curated:cinnamon-sticks	stfcj	17067	sameSubstance
curated:cinnamon-sticks	matvaretabellen	06.156	sameSubstance
curated:cinnamon-sticks	usdaBranded	fdc:1713487	exact
curated:cognac	usdaFndds	fdc:2710699	close
curated:cognac	ciqual	1023	exact
curated:cognac	cofid	17-247	close
curated:cointreau	usdaFndds	fdc:2710623	generic
curated:cointreau	ciqual	1003	generic
curated:cointreau	matvaretabellen	13.014	generic
curated:colby-jack-cheese	usdaFndds	fdc:2705713	exact
curated:colby-jack-cheese	usdaBranded	fdc:2056672	exact
curated:cold-brew-coffee-concentrate	usdaBranded	fdc:2432169	exact
curated:coleslaw	usdaFndds	fdc:2709815	exact
curated:coleslaw	ciqual	26259	exact
curated:coleslaw	cofid	15-635	exact
curated:coleslaw	matvaretabellen	06.230	exact
curated:coleslaw	usdaBranded	fdc:1969444	exact
curated:conversation-hearts	ciqual	31124	generic
curated:conversation-hearts	usdaBranded	fdc:2134300	exact
curated:cornichons	ciqual	11004	exact
curated:cornichons	usdaBranded	fdc:2062834	exact
curated:cotton-candy	usdaFndds	fdc:2710363	exact
curated:cotton-candy	usdaBranded	fdc:2136716	exact
curated:country-bread	ciqual	7100	close
curated:country-bread	usdaBranded	fdc:2057533	exact
curated:country-gravy-mix	cofid	17-724	generic
curated:country-gravy-mix	usdaBranded	fdc:2032799	exact
curated:cr-me-fra-che	ciqual	19410	close
curated:cr-me-fra-che	cofid	12-335	exact
curated:cr-me-fra-che	matvaretabellen	01.089	exact
curated:cr-me-fra-che	usdaBranded	fdc:2276524	exact
curated:crescent-rolls	usdaBranded	fdc:2675587	exact
curated:crushed-red-pepper	ciqual	11088	close
curated:crushed-red-pepper	usdaBranded	fdc:737288	exact
curated:crystallized-ginger	cnf	4400	exact
curated:crystallized-ginger	usdaBranded	fdc:2394631	exact
curated:cube-steak	ciqual	6102	generic
curated:cube-steak	usdaBranded	fdc:557756	exact
curated:cupcakes	usdaFndds	fdc:2707853	close
curated:cupcakes	matvaretabellen	05.346	close
curated:cupcakes	usdaBranded	fdc:574991	exact
curated:curry-sauce	usdaFndds	fdc:2710178	generic
curated:curry-sauce	ciqual	11132	generic
curated:curry-sauce	usdaBranded	fdc:2028276	exact
curated:dark-brown-sugar	usdaFndds	fdc:2710260	close
curated:dark-brown-sugar	ciqual	31017	close
curated:dark-brown-sugar	cofid	17-060	close
curated:dark-brown-sugar	matvaretabellen	09.001	close
curated:dark-brown-sugar	usdaBranded	fdc:2128127	exact
curated:dark-rum	usdaSrFoundation	fdc:174817	sameSubstance
curated:dark-rum	usdaFndds	fdc:2710703	sameSubstance
curated:dark-rum	ciqual	1004	sameSubstance
curated:dark-rum	cofid	17-247	close
curated:dark-soy-sauce	usdaFndds	fdc:2707442	generic
curated:dark-soy-sauce	ciqual	11104	generic
curated:dark-soy-sauce	cofid	17-721	close
curated:dark-soy-sauce	matvaretabellen	10.126	generic
curated:deli-sandwiches	usdaFndds	fdc:2707086	generic
curated:demerara-sugar	cofid	17-061	exact
curated:demerara-sugar	usdaBranded	fdc:1937111	exact
curated:dijon-mustard	ciqual	11013	close
curated:dijon-mustard	usdaBranded	fdc:2597122	exact
curated:dill-dip	cofid	17-299	generic
curated:dill-dip	usdaBranded	fdc:2666652	exact
curated:dried-porcini-mushrooms	usdaBranded	fdc:2566303	exact
curated:dry-sherry	cofid	17-236	close
curated:dry-vermouth	ciqual	1007	generic
curated:dry-vermouth	cofid	17-239	exact
curated:duck-fat	ciqual	16550	exact
curated:duck-fat	usdaBranded	fdc:2449649	exact
curated:edible-cookie-dough	usdaFndds	fdc:2707898	generic
curated:edible-cookie-dough	usdaBranded	fdc:1877089	exact
curated:egg-salad	usdaFndds	fdc:2707182	exact
curated:egg-salad	matvaretabellen	08.130	exact
curated:egg-salad	matvaretabellen	08.268	exact
curated:egg-salad	usdaBranded	fdc:2105967	exact
curated:electrolyte-drink-mix	usdaFndds	fdc:2710615	generic
curated:electrolyte-drink-mix	usdaBranded	fdc:2394249	exact
curated:energy-chews	usdaBranded	fdc:2074635	exact
curated:energy-drink-mix	usdaFndds	fdc:2710614	generic
curated:energy-drink-mix	usdaBranded	fdc:365586	exact
curated:everything-bagel-seasoning	usdaBranded	fdc:2495182	exact
curated:extra-virgin-olive-oil	ciqual	17270	exact
curated:extra-virgin-olive-oil	matvaretabellen	08.112	exact
curated:extra-virgin-olive-oil	usdaBranded	fdc:2055170	exact
curated:fajita-seasoning	usdaBranded	fdc:2599255	exact
curated:farmer-cheese	usdaFndds	fdc:2705749	generic
curated:farmer-cheese	usdaBranded	fdc:2651917	exact
curated:flavoring-syrup	usdaFndds	fdc:2710272	generic
curated:flavoring-syrup	usdaFndds	fdc:2710278	close
curated:fleur-de-sel	ciqual	11017	close
curated:fleur-de-sel	ciqual	11082	exact
curated:fleur-de-sel	matvaretabellen	12.026	close
curated:fleur-de-sel	usdaBranded	fdc:2192558	exact
curated:freeze-dried-fruit	usdaBranded	fdc:2105348	exact
curated:french-fry-seasoning	usdaBranded	fdc:2629786	exact
curated:french-onion-dip	cnf	502014	exact
curated:french-onion-dip	usdaBranded	fdc:2018639	exact
curated:fresh-mozzarella	ciqual	19590	exact
curated:fresh-mozzarella	cofid	12-360	exact
curated:fresh-mozzarella	matvaretabellen	01.297	exact
curated:fresh-mozzarella	usdaBranded	fdc:2070516	exact
curated:frozen-atlantic-salmon	usdaSrFoundation	fdc:2684441	sameSubstance
curated:frozen-atlantic-salmon	ciqual	26036	sameSubstance
curated:frozen-atlantic-salmon	usdaBranded	fdc:2660658	exact
curated:frozen-boneless-skinless-chicken-breasts	usdaSrFoundation	fdc:2646170	sameSubstance
curated:frozen-boneless-skinless-chicken-breasts	ciqual	36017	sameSubstance
curated:frozen-boneless-skinless-chicken-breasts	usdaBranded	fdc:2619224	exact
curated:frozen-breaded-fish-fillets	ciqual	26029	generic
curated:frozen-breaded-fish-fillets	usdaBranded	fdc:2485385	exact
curated:frozen-california-blend	usdaFndds	fdc:2710033	close
curated:frozen-california-blend	matvaretabellen	06.215	exact
curated:frozen-california-blend	usdaBranded	fdc:2100778	exact
curated:frozen-catfish	usdaSrFoundation	fdc:2684445	sameSubstance
curated:frozen-catfish	usdaBranded	fdc:2416111	exact
curated:frozen-country-fried-steak	usdaFndds	fdc:2705842	generic
curated:frozen-country-fried-steak	usdaBranded	fdc:2548225	exact
curated:frozen-custard	usdaFndds	fdc:2705630	close
curated:frozen-custard	usdaBranded	fdc:2621813	exact
curated:frozen-flounder	usdaSrFoundation	fdc:174196	sameSubstance
curated:frozen-flounder	cofid	16-040	close
curated:frozen-flounder	usdaBranded	fdc:2101187	exact
curated:frozen-fruit-juice-blend-concentrate	usdaFndds	fdc:2709191	generic
curated:frozen-fruit-juice-blend-concentrate	usdaBranded	fdc:1874743	exact
curated:frozen-grilled-chicken-strips	usdaFndds	fdc:2705968	generic
curated:frozen-grilled-chicken-strips	usdaBranded	fdc:2659546	exact
curated:frozen-mac-and-cheese-bites	usdaBranded	fdc:2125515	exact
curated:frozen-mango	usdaSrFoundation	fdc:169910	sameSubstance
curated:frozen-mango	usdaFndds	fdc:2709244	exact
curated:frozen-mango	matvaretabellen	06.839	exact
curated:frozen-mango	usdaBranded	fdc:2544053	exact
curated:frozen-meals	usdaFndds	fdc:2707095	generic
curated:frozen-mixed-berries	usdaFndds	fdc:2709272	exact
curated:frozen-mixed-berries	matvaretabellen	06.844	exact
curated:frozen-mixed-berries	usdaBranded	fdc:2265664	exact
curated:frozen-mixed-fruit	usdaFndds	fdc:2709287	generic
curated:frozen-mixed-fruit	usdaFndds	fdc:2709292	close
curated:frozen-mixed-fruit	usdaBranded	fdc:2059674	exact
curated:frozen-mozzarella-sticks	usdaFndds	fdc:2705817	generic
curated:frozen-mozzarella-sticks	usdaBranded	fdc:2420916	exact
curated:frozen-pink-salmon	usdaSrFoundation	fdc:175138	sameSubstance
curated:frozen-pink-salmon	usdaBranded	fdc:2059843	exact
curated:frozen-potato-skins	usdaFndds	fdc:2709490	exact
curated:frozen-potato-skins	usdaBranded	fdc:1867318	exact
curated:frozen-shrimp	usdaSrFoundation	fdc:175179	sameSubstance
curated:frozen-shrimp	ciqual	10038	exact
curated:frozen-shrimp	cofid	16-248	exact
curated:frozen-shrimp	matvaretabellen	04.387	sameSubstance
curated:frozen-shrimp	usdaBranded	fdc:2089566	exact
curated:frozen-sockeye-salmon	usdaSrFoundation	fdc:2684440	sameSubstance
curated:frozen-sockeye-salmon	stfcj	10149	sameSubstance
curated:frozen-sockeye-salmon	usdaBranded	fdc:2092228	exact
curated:frozen-spanakopita	usdaFndds	fdc:2708729	exact
curated:frozen-spanakopita	usdaBranded	fdc:2620572	exact
curated:frozen-stir-fry-vegetables	usdaFndds	fdc:2710035	close
curated:frozen-stir-fry-vegetables	matvaretabellen	06.675	close
curated:frozen-stir-fry-vegetables	usdaBranded	fdc:1673413	exact
curated:frozen-stuffed-chicken-breasts	usdaFndds	fdc:2706441	generic
curated:frozen-stuffed-chicken-breasts	usdaBranded	fdc:1896014	exact
curated:frozen-sugar-snap-peas	usdaFndds	fdc:2709806	close
curated:frozen-sugar-snap-peas	cofid	13-143	close
curated:frozen-sugar-snap-peas	matvaretabellen	06.031	close
curated:frozen-sugar-snap-peas	usdaBranded	fdc:2016062	exact
curated:frozen-swai	cofid	16-382	sameSubstance
curated:frozen-swai	matvaretabellen	04.344	sameSubstance
curated:frozen-swai	usdaBranded	fdc:2394667	exact
curated:frozen-tilapia	usdaSrFoundation	fdc:2684442	sameSubstance
curated:frozen-tilapia	ciqual	27019	sameSubstance
curated:frozen-tilapia	cofid	16-154	sameSubstance
curated:frozen-tilapia	usdaBranded	fdc:475603	exact
curated:frozen-whiting	usdaSrFoundation	fdc:173713	sameSubstance
curated:frozen-whiting	ciqual	26048	sameSubstance
curated:frozen-whiting	ciqual	26095	close
curated:frozen-whiting	cofid	16-159	close
curated:frozen-whiting	matvaretabellen	04.009	close
curated:frozen-whiting	usdaBranded	fdc:2286802	exact
curated:frozen-whole-duck	usdaSrFoundation	fdc:172408	sameSubstance
curated:frozen-whole-duck	cofid	18-371	sameSubstance
curated:frozen-whole-duck	matvaretabellen	03.001	sameSubstance
curated:frozen-whole-turkey	usdaSrFoundation	fdc:171081	sameSubstance
curated:frozen-whole-turkey	ciqual	36300	sameSubstance
curated:frozen-whole-turkey	cofid	18-352	sameSubstance
curated:frozen-whole-turkey	matvaretabellen	03.004	sameSubstance
curated:frozen-whole-turkey	usdaBranded	fdc:361037	exact
curated:fruit-and-nut-bars	usdaFndds	fdc:2708090	close
curated:fruit-and-nut-bars	usdaFndds	fdc:2708105	exact
curated:fruit-and-nut-bars	usdaBranded	fdc:2550599	exact
curated:fruit-dip	usdaBranded	fdc:2195905	exact
curated:garam-masala	cofid	13-829	exact
curated:garam-masala	usdaBranded	fdc:531723	exact
curated:garlic-paste	stfcj	17076	close
curated:garlic-paste	usdaBranded	fdc:2620221	exact
curated:garlic-pepper-seasoning	usdaBranded	fdc:2098296	exact
curated:garlic-salt	usdaBranded	fdc:1983528	exact
curated:gelato	usdaFndds	fdc:2705636	generic
curated:gelato	usdaBranded	fdc:2030969	exact
curated:giardiniera	usdaFndds	fdc:2710101	generic
curated:giardiniera	usdaBranded	fdc:2597954	exact
curated:gin	usdaFndds	fdc:2710702	exact
curated:gin	ciqual	1002	exact
curated:gin	cofid	17-247	close
curated:ginger-juice	stfcj	06366	exact
curated:ginger-juice	matvaretabellen	06.243	close
curated:gingerbread-cookies	usdaFndds	fdc:2707932	close
curated:gingerbread-cookies	usdaBranded	fdc:2288809	exact
curated:gnocchi	usdaFndds	fdc:2708722	close
curated:gnocchi	ciqual	26264	exact
curated:gnocchi	usdaBranded	fdc:1917385	exact
curated:gorgonzola-cheese	ciqual	12524	exact
curated:gorgonzola-cheese	matvaretabellen	01.261	exact
curated:gorgonzola-cheese	usdaBranded	fdc:2554287	exact
curated:grain-free-cereal	usdaBranded	fdc:2446804	exact
curated:grand-marnier	usdaFndds	fdc:2710623	generic
curated:grand-marnier	ciqual	1003	generic
curated:grand-marnier	matvaretabellen	13.014	generic
curated:greek-dressing	usdaFndds	fdc:2710203	generic
curated:greek-dressing	usdaBranded	fdc:2025915	exact
curated:green-chile-enchilada-sauce	usdaFndds	fdc:2709742	close
curated:green-chile-enchilada-sauce	usdaBranded	fdc:1862933	exact
curated:green-curry-paste	usdaBranded	fdc:2440966	exact
curated:green-garlic	usdaFndds	fdc:2709786	close
curated:green-garlic	ciqual	11000	close
curated:green-garlic	stfcj	06223	close
curated:green-garlic	stfcj	06224	close
curated:green-peppercorns	usdaBranded	fdc:2289687	exact
curated:grilled-chicken-strips	usdaFndds	fdc:2705968	generic
curated:grilled-chicken-strips	usdaBranded	fdc:2424674	exact
curated:ground-cumin	usdaSrFoundation	fdc:170923	sameSubstance
curated:ground-cumin	ciqual	11042	sameSubstance
curated:ground-cumin	cofid	13-889	sameSubstance
curated:ground-cumin	matvaretabellen	06.266	exact
curated:ground-cumin	usdaBranded	fdc:2367682	exact
curated:guacamole	usdaFndds	fdc:2709307	exact
curated:guacamole	ciqual	25620	exact
curated:guacamole	cofid	17-797	exact
curated:guacamole	matvaretabellen	06.672	exact
curated:guacamole	usdaBranded	fdc:2055039	exact
curated:guava-paste	usdaFndds	fdc:2710307	exact
curated:guava-paste	usdaBranded	fdc:2272768	exact
curated:gummy-candy	usdaFndds	fdc:2710359	close
curated:gummy-candy	usdaBranded	fdc:1916161	exact
curated:haricots-verts	usdaFndds	fdc:2709769	close
curated:haricots-verts	ciqual	20061	exact
curated:haricots-verts	ciqual	20070	close
curated:haricots-verts	matvaretabellen	06.098	exact
curated:haricots-verts	matvaretabellen	06.741	close
curated:haricots-verts	usdaBranded	fdc:1663316	exact
curated:harissa	ciqual	11112	close
curated:harissa	usdaBranded	fdc:1866817	exact
curated:havarti-cheese	usdaBranded	fdc:2388891	exact
curated:herbes-de-provence	ciqual	11060	exact
curated:himalayan-pink-salt	ciqual	11017	close
curated:himalayan-pink-salt	cofid	17-367	close
curated:himalayan-pink-salt	usdaBranded	fdc:2128408	exact
curated:hoagie-rolls	usdaFndds	fdc:2707663	close
curated:hoagie-rolls	usdaBranded	fdc:2611812	exact
curated:honey-mustard	usdaBranded	fdc:2128518	exact
curated:horseradish-root	ciqual	11016	exact
curated:hot-cocoa-bombs	usdaBranded	fdc:2499839	exact
curated:hot-dog-buns	usdaSrFoundation	fdc:172796	sameSubstance
curated:hot-dog-buns	usdaFndds	fdc:2707656	exact
curated:hot-dog-buns	matvaretabellen	05.063	exact
curated:hot-dog-buns	usdaBranded	fdc:2265438	exact
curated:hot-links	usdaFndds	fdc:2706188	generic
curated:hot-links	usdaBranded	fdc:1864609	exact
curated:hungarian-paprika	usdaSrFoundation	fdc:171329	sameSubstance
curated:hungarian-paprika	ciqual	11049	sameSubstance
curated:hungarian-paprika	stfcj	17079	sameSubstance
curated:ice	usdaSrFoundation	fdc:173647	sameSubstance
curated:ice	usdaFndds	fdc:2710707	sameSubstance
curated:ice	usdaBranded	fdc:2059430	exact
curated:icing-decorations	cofid	17-805	generic
curated:icing-decorations	usdaBranded	fdc:2055367	exact
curated:indian-curry-paste	cofid	17-720	exact
curated:indian-curry-paste	matvaretabellen	10.131	exact
curated:indian-curry-paste	usdaBranded	fdc:2024353	exact
curated:instant-brown-rice	cofid	11-870	close
curated:instant-brown-rice	usdaBranded	fdc:2397398	exact
curated:instant-ginger-tea	usdaBranded	fdc:2016147	exact
curated:instant-yeast	usdaSrFoundation	fdc:175043	sameSubstance
curated:instant-yeast	usdaFndds	fdc:2710005	sameSubstance
curated:instant-yeast	usdaBranded	fdc:1081463	exact
curated:italian-dressing-mix	usdaBranded	fdc:2121123	exact
curated:italian-ice	usdaFndds	fdc:2710317	exact
curated:italian-ice	usdaBranded	fdc:2569867	exact
curated:italian-parsley	usdaSrFoundation	fdc:170416	sameSubstance
curated:italian-parsley	usdaFndds	fdc:2709796	sameSubstance
curated:italian-parsley	ciqual	11014	sameSubstance
curated:italian-parsley	cofid	13-844	sameSubstance
curated:italian-parsley	stfcj	06239	close
curated:italian-parsley	matvaretabellen	06.050	sameSubstance
curated:italian-seasoning	ciqual	11060	close
curated:italian-seasoning	cofid	13-884	close
curated:italian-seasoning	usdaBranded	fdc:2285669	exact
curated:italian-wedding-soup	usdaFndds	fdc:2707130	exact
curated:italian-wedding-soup	cnf	502678	exact
curated:italian-wedding-soup	usdaBranded	fdc:2736249	exact
curated:jasmine-rice	cofid	11-874	exact
curated:jasmine-rice	usdaBranded	fdc:2059574	exact
curated:jerk-seasoning	usdaBranded	fdc:2106239	exact
curated:kalamata-olives	ciqual	13032	close
curated:kalamata-olives	ciqual	13186	generic
curated:kalamata-olives	usdaBranded	fdc:2036086	exact
curated:kale-chips	usdaBranded	fdc:2663499	exact
curated:kirsch	ciqual	1001	close
curated:kombu	ciqual	20990	exact
curated:kombu	stfcj	09017	exact
curated:kombu	usdaBranded	fdc:1491009	exact
curated:kombucha	usdaFndds	fdc:2710509	exact
curated:kombucha	ciqual	18025	exact
curated:kombucha	usdaBranded	fdc:2643213	exact
curated:kosher-salt	usdaSrFoundation	fdc:173468	sameSubstance
curated:kosher-salt	ciqual	11017	exact
curated:kosher-salt	cofid	17-367	close
curated:kosher-salt	usdaBranded	fdc:2181257	exact
curated:lemon-pepper-seasoning	usdaBranded	fdc:2150169	exact
curated:littleneck-clams	usdaSrFoundation	fdc:174214	sameSubstance
curated:littleneck-clams	usdaFndds	fdc:2706338	sameSubstance
curated:littleneck-clams	ciqual	10017	close
curated:lobster-bisque	usdaFndds	fdc:2707140	close
curated:lobster-bisque	usdaBranded	fdc:1916622	exact
curated:lollipops	usdaSrFoundation	fdc:167990	sameSubstance
curated:lollipops	usdaFndds	fdc:2710361	exact
curated:lollipops	ciqual	31059	exact
curated:lollipops	usdaBranded	fdc:1900131	exact
curated:macaroni-salad	usdaFndds	fdc:2708932	exact
curated:macaroni-salad	usdaBranded	fdc:2021488	exact
curated:madeira	usdaFndds	fdc:2710692	generic
curated:makrut-lime-leaves	ciqual	11080	generic
curated:malt-vinegar	usdaFndds	fdc:2709351	generic
curated:malt-vinegar	cofid	17-339	close
curated:malted-milk-balls	cofid	17-651	exact
curated:malted-milk-balls	usdaBranded	fdc:2040151	exact
curated:manchego-cheese	matvaretabellen	01.300	exact
curated:manchego-cheese	usdaBranded	fdc:2554294	exact
curated:mango-chutney	cofid	17-343	exact
curated:mango-chutney	usdaBranded	fdc:2623305	exact
curated:maraschino-liqueur	usdaFndds	fdc:2710623	generic
curated:maraschino-liqueur	ciqual	1003	generic
curated:maraschino-liqueur	matvaretabellen	13.014	generic
curated:margarita-mix	usdaFndds	fdc:2710575	close
curated:margarita-mix	usdaBranded	fdc:2118238	exact
curated:marinated-artichoke-hearts	cnf	6298	exact
curated:marinated-artichoke-hearts	usdaBranded	fdc:2496119	exact
curated:marinated-mushrooms	usdaFndds	fdc:2710084	close
curated:marinated-mushrooms	ciqual	25605	close
curated:marinated-mushrooms	usdaBranded	fdc:2597661	exact
curated:marjoram	ciqual	11080	generic
curated:marjoram	cofid	13-891	close
curated:marsala	ciqual	1015	exact
curated:mascarpone-cheese	ciqual	19584	exact
curated:mascarpone-cheese	cofid	12-490	exact
curated:mascarpone-cheese	matvaretabellen	01.263	exact
curated:mascarpone-cheese	usdaBranded	fdc:2595456	exact
curated:matcha	stfcj	16035	exact
curated:matcha	usdaBranded	fdc:2443414	exact
curated:matzo-meal	usdaSrFoundation	fdc:172740	sameSubstance
curated:matzo-meal	usdaFndds	fdc:2708158	sameSubstance
curated:matzo-meal	usdaBranded	fdc:2657374	exact
curated:meat-sticks	cnf	502576	generic
curated:meat-sticks	usdaBranded	fdc:2117500	exact
curated:meat-tenderizer	usdaBranded	fdc:2016837	exact
curated:meatless-ground-beef	matvaretabellen	06.830	exact
curated:meatless-ground-beef	matvaretabellen	06.837	close
curated:meatless-ground-beef	usdaBranded	fdc:2149040	exact
curated:meatloaf-seasoning-mix	usdaBranded	fdc:2482725	exact
curated:microwavable-rice	cofid	11-884	close
curated:microwavable-rice	usdaBranded	fdc:1926739	exact
curated:mini-sweet-peppers	usdaFndds	fdc:2709801	close
curated:mini-sweet-peppers	ciqual	20041	close
curated:mini-sweet-peppers	usdaBranded	fdc:2265518	exact
curated:mirin	stfcj	16025	exact
curated:mirin	stfcj	17054	close
curated:mochi-ice-cream	usdaBranded	fdc:2487189	exact
curated:monk-fruit-sweetener	usdaFndds	fdc:2710266	close
curated:monk-fruit-sweetener	usdaBranded	fdc:2284977	exact
curated:mustard-seeds	usdaSrFoundation	fdc:170929	sameSubstance
curated:mustard-seeds	cofid	13-839	exact
curated:mustard-seeds	matvaretabellen	06.170	exact
curated:mustard-seeds	usdaBranded	fdc:1930147	exact
curated:nigella-seeds	usdaBranded	fdc:2428753	exact
curated:non-dairy-frozen-dessert	usdaFndds	fdc:2707452	exact
curated:non-dairy-frozen-dessert	cofid	12-509	close
curated:nori	ciqual	20987	exact
curated:nori	stfcj	09003	exact
curated:nori	stfcj	09004	exact
curated:nori	matvaretabellen	06.139	exact
curated:nori	usdaBranded	fdc:1662188	exact
curated:olive-medley	ciqual	13184	close
curated:olive-medley	usdaBranded	fdc:2020357	exact
curated:olive-oil-cooking-spray	usdaBranded	fdc:2415409	exact
curated:orange-liqueur	usdaFndds	fdc:2710623	generic
curated:orange-liqueur	ciqual	1003	generic
curated:orange-liqueur	matvaretabellen	13.014	generic
curated:orange-slice-candy	ciqual	31014	close
curated:orange-slice-candy	usdaBranded	fdc:2630074	exact
curated:oregano	cofid	13-891	exact
curated:oxtails	ciqual	6311	exact
curated:oxtails	cofid	18-419	exact
curated:oxtails	usdaBranded	fdc:577480	exact
curated:oyster-crackers	usdaSrFoundation	fdc:172746	sameSubstance
curated:oyster-crackers	usdaFndds	fdc:2708160	exact
curated:oyster-crackers	usdaFndds	fdc:2708167	sameSubstance
curated:oyster-crackers	usdaBranded	fdc:2056896	exact
curated:pad-thai-sauce	usdaBranded	fdc:2440969	exact
curated:pancetta	ciqual	28858	exact
curated:pancetta	matvaretabellen	03.090	generic
curated:pancetta	usdaBranded	fdc:2143307	exact
curated:panko	ciqual	7500	close
curated:panko	stfcj	01079	exact
curated:panko	usdaBranded	fdc:1782719	exact
curated:pasta-salad	usdaFndds	fdc:2708936	exact
curated:pasta-salad	cnf	501971	exact
curated:pasta-salad	usdaBranded	fdc:2127956	exact
curated:pasta-salad-mix	cofid	11-734	close
curated:pasta-salad-mix	usdaBranded	fdc:2637039	exact
curated:pasta-side-mix	cofid	11-734	exact
curated:pasta-side-mix	usdaBranded	fdc:1850153	exact
curated:pastis	ciqual	1000	exact
curated:pearl-onions	usdaFndds	fdc:2709952	close
curated:pearl-onions	usdaBranded	fdc:2031048	exact
curated:pepper-jack-cheese	usdaFndds	fdc:2705720	close
curated:pepper-jack-cheese	usdaBranded	fdc:2057248	exact
curated:peppermint-bark	usdaBranded	fdc:2041402	exact
curated:pepperoncini	usdaFndds	fdc:2710095	close
curated:pepperoncini	usdaBranded	fdc:2597527	exact
curated:pho	usdaFndds	fdc:2707124	exact
curated:pho	usdaBranded	fdc:2196027	exact
curated:pi-a-colada-mix	usdaFndds	fdc:2710574	close
curated:pickled-banana-peppers	usdaFndds	fdc:2710095	close
curated:pickled-banana-peppers	usdaBranded	fdc:1942185	exact
curated:pickled-cherry-peppers	usdaFndds	fdc:2710095	close
curated:pickled-cherry-peppers	usdaBranded	fdc:2021159	exact
curated:pickling-cucumbers	usdaSrFoundation	fdc:2346406	sameSubstance
curated:pickling-cucumbers	usdaFndds	fdc:2709784	sameSubstance
curated:pickling-cucumbers	ciqual	20019	sameSubstance
curated:pickling-cucumbers	cofid	13-523	sameSubstance
curated:pico-de-gallo	usdaFndds	fdc:2709737	exact
curated:pico-de-gallo	usdaBranded	fdc:2067381	exact
curated:pimento-cheese	usdaFndds	fdc:2705773	generic
curated:pimento-cheese	usdaBranded	fdc:1775823	exact
curated:pink-peppercorns	usdaBranded	fdc:2034141	exact
curated:piquillo-peppers	ciqual	20275	close
curated:piquillo-peppers	matvaretabellen	06.275	close
curated:piquillo-peppers	usdaBranded	fdc:2663468	exact
curated:pizza-crust	usdaBranded	fdc:2326369	exact
curated:pizza-crust-mix	usdaBranded	fdc:443929	exact
curated:pizzelle	usdaFndds	fdc:2707958	generic
curated:pizzelle	usdaBranded	fdc:2009255	exact
curated:plant-based-protein-powder	usdaFndds	fdc:2710732	close
curated:plant-based-protein-powder	usdaBranded	fdc:2489394	exact
curated:polenta	usdaBranded	fdc:1930626	exact
curated:pomegranate-molasses	usdaBranded	fdc:2560758	exact
curated:pork-ears	usdaSrFoundation	fdc:167857	sameSubstance
curated:pork-ears	ciqual	28530	close
curated:pork-ears	usdaBranded	fdc:2522037	exact
curated:port	cofid	17-234	exact
curated:port	matvaretabellen	13.055	exact
curated:potato-starch	ciqual	4090	exact
curated:potato-starch	matvaretabellen	05.020	exact
curated:potato-starch	usdaBranded	fdc:2632569	exact
curated:powdered-peanut-butter	usdaBranded	fdc:2549976	exact
curated:prepared-meals	usdaFndds	fdc:2707095	generic
curated:probiotic-drinks	cofid	12-513	close
curated:prosciutto	ciqual	28812	close
curated:prosciutto	ciqual	28844	exact
curated:prosciutto	matvaretabellen	03.512	close
curated:prosciutto	cnf	501502	exact
curated:prosciutto	usdaBranded	fdc:2394463	exact
curated:pumpkin-seed-oil	usdaBranded	fdc:385993	exact
curated:quark	ciqual	19644	close
curated:quark	cofid	12-174	exact
curated:quark	matvaretabellen	01.036	exact
curated:quark	usdaBranded	fdc:2440189	exact
curated:quick-cooking-tapioca	usdaSrFoundation	fdc:169717	sameSubstance
curated:quick-cooking-tapioca	ciqual	4000	sameSubstance
curated:quick-cooking-tapioca	usdaBranded	fdc:2110469	exact
curated:quinoa-salad	ciqual	25629	generic
curated:quinoa-salad	usdaBranded	fdc:1893641	exact
curated:rambutan	ciqual	13077	exact
curated:rambutan	cofid	14-243	exact
curated:rambutan	matvaretabellen	06.631	exact
curated:ranch-dip	usdaFndds	fdc:2705623	generic
curated:ranch-dip	usdaBranded	fdc:2632722	exact
curated:ranch-seasoning-mix	usdaBranded	fdc:2163389	exact
curated:raspberry-vinaigrette	usdaBranded	fdc:2025933	exact
curated:raspberry-vinegar	usdaFndds	fdc:2709351	generic
curated:raspberry-vinegar	cofid	17-339	generic
curated:ravioli	usdaFndds	fdc:2708767	close
curated:ravioli	ciqual	25181	exact
curated:ravioli	matvaretabellen	05.327	exact
curated:ravioli	usdaBranded	fdc:2117965	exact
curated:red-clam-sauce	usdaBranded	fdc:2020483	exact
curated:red-curry-paste	usdaBranded	fdc:2440967	exact
curated:rice-vinegar	stfcj	17016	exact
curated:ricotta-salata-cheese	usdaBranded	fdc:356753	exact
curated:roasted-red-peppers	ciqual	20275	close
curated:roasted-red-peppers	matvaretabellen	06.275	exact
curated:roasted-red-peppers	usdaBranded	fdc:2013442	exact
curated:roasted-seaweed-snacks	usdaBranded	fdc:1858069	exact
curated:rose-water	usdaBranded	fdc:2495574	exact
curated:sage	ciqual	11069	exact
curated:sage	cofid	13-853	exact
curated:salad-toppers	usdaFndds	fdc:2707466	generic
curated:salad-toppers	usdaBranded	fdc:2015001	exact
curated:salt-free-seasoning-blend	cofid	13-884	generic
curated:salt-free-seasoning-blend	usdaBranded	fdc:2032884	exact
curated:sandwich-thins	usdaFndds	fdc:2707749	generic
curated:sandwich-thins	usdaBranded	fdc:2098682	exact
curated:sea-salt	ciqual	11017	close
curated:sea-salt	ciqual	11082	close
curated:sea-salt	ciqual	11083	close
curated:sea-salt	matvaretabellen	12.026	exact
curated:sea-salt	usdaBranded	fdc:2071817	exact
curated:sea-salt-flakes	ciqual	11017	generic
curated:sea-salt-flakes	ciqual	11082	close
curated:sea-salt-flakes	matvaretabellen	12.026	close
curated:sea-salt-flakes	usdaBranded	fdc:492336	exact
curated:seafood-breading-mix	usdaBranded	fdc:1854031	exact
curated:seafood-salad	usdaFndds	fdc:2706838	generic
curated:seafood-salad	usdaFndds	fdc:2706843	close
curated:seafood-salad	usdaBranded	fdc:2109913	exact
curated:seafood-seasoning	usdaBranded	fdc:2099038	exact
curated:seasoned-rice-vinegar	stfcj	17101	close
curated:seasoned-rice-vinegar	stfcj	17102	close
curated:seasoned-rice-vinegar	stfcj	17103	exact
curated:seasoned-salt	usdaBranded	fdc:2186151	exact
curated:shad-roe	cofid	16-299	generic
curated:shad-roe	stfcj	10222	close
curated:shad-roe	matvaretabellen	04.052	generic
curated:shaoxing-wine	usdaFndds	fdc:2710691	close
curated:shaoxing-wine	ciqual	1026	close
curated:shaoxing-wine	stfcj	16013	exact
curated:sherry-vinegar	ciqual	11220	close
curated:sherry-vinegar	cofid	17-339	close
curated:sherry-vinegar	matvaretabellen	12.119	close
curated:sherry-vinegar	usdaBranded	fdc:2440205	exact
curated:sichuan-peppercorns	stfcj	17066	generic
curated:simple-syrup	usdaFndds	fdc:2710272	generic
curated:simple-syrup	usdaFndds	fdc:2710278	exact
curated:simple-syrup	usdaBranded	fdc:489775	exact
curated:sloppy-joe-sauce	usdaBranded	fdc:1669362	exact
curated:sloppy-joe-seasoning-mix	usdaBranded	fdc:2101676	exact
curated:small-red-beans	ciqual	20525	close
curated:small-red-beans	cofid	13-109	close
curated:small-red-beans	usdaBranded	fdc:1505381	exact
curated:smoked-paprika	ciqual	11049	close
curated:smoked-paprika	stfcj	17079	close
curated:smoked-paprika	usdaBranded	fdc:2449201	exact
curated:smoked-trout	ciqual	27029	exact
curated:smoked-trout	matvaretabellen	04.260	exact
curated:smoked-trout	usdaBranded	fdc:1458346	exact
curated:smoothie-mix	usdaBranded	fdc:2673579	exact
curated:snack-mix	usdaFndds	fdc:2708213	exact
curated:snack-mix	usdaFndds	fdc:2708291	close
curated:snack-mix	usdaBranded	fdc:2322736	exact
curated:snickerdoodle-cookies	usdaFndds	fdc:2707970	generic
curated:snickerdoodle-cookies	usdaBranded	fdc:2138398	exact
curated:snow-cone-syrup	usdaFndds	fdc:2710272	generic
curated:snow-cone-syrup	usdaFndds	fdc:2710278	close
curated:soft-shell-crabs	ciqual	10039	close
curated:soppressata	usdaFndds	fdc:2706195	close
curated:soppressata	ciqual	30351	close
curated:soppressata	cofid	19-517	close
curated:soppressata	usdaBranded	fdc:2394461	exact
curated:sorbet	usdaFndds	fdc:2709314	exact
curated:sorbet	ciqual	39524	exact
curated:sorbet	cofid	12-393	exact
curated:sourdough-bread	usdaSrFoundation	fdc:172675	sameSubstance
curated:sourdough-bread	usdaFndds	fdc:2707646	exact
curated:sourdough-bread	usdaBranded	fdc:2602014	exact
curated:spaghetti-sauce-mix	usdaBranded	fdc:2008266	exact
curated:sparkling-juice	ciqual	18341	generic
curated:sparkling-water	usdaFndds	fdc:2710539	close
curated:sparkling-water	usdaBranded	fdc:2044049	exact
curated:spiced-apple-cider-mix	usdaBranded	fdc:1866754	exact
curated:spicy-brown-mustard	cnf	1135	exact
curated:spicy-brown-mustard	usdaBranded	fdc:2115360	exact
curated:spinach-artichoke-dip	usdaFndds	fdc:2705783	exact
curated:spinach-artichoke-dip	usdaBranded	fdc:2483165	exact
curated:spinach-dip	cnf	502013	exact
curated:spinach-dip	usdaBranded	fdc:2659087	exact
curated:spring-mix	ciqual	20272	exact
curated:spring-mix	cnf	501839	exact
curated:spring-mix	usdaBranded	fdc:2076110	exact
curated:sprinkles	usdaFndds	fdc:2710334	exact
curated:sprinkles	ciqual	11510	exact
curated:sprinkles	usdaBranded	fdc:1897898	exact
curated:steak-seasoning	usdaBranded	fdc:2016700	exact
curated:stir-fry-sauce	cofid	17-629	exact
curated:stir-fry-sauce	usdaBranded	fdc:2576814	exact
curated:street-corn-dip	usdaBranded	fdc:2656119	exact
curated:string-cheese	usdaSrFoundation	fdc:329370	sameSubstance
curated:string-cheese	usdaFndds	fdc:2705723	close
curated:string-cheese	usdaBranded	fdc:2088965	exact
curated:stuffed-chicken-breasts	usdaFndds	fdc:2706441	generic
curated:stuffed-chicken-breasts	usdaBranded	fdc:1894786	exact
curated:sugar-cookie-mix	usdaBranded	fdc:2214623	exact
curated:sugar-snap-peas	usdaFndds	fdc:2709806	close
curated:sugar-snap-peas	cofid	13-143	exact
curated:sugar-snap-peas	matvaretabellen	06.031	exact
curated:sugar-snap-peas	usdaBranded	fdc:2428868	exact
curated:sushi	usdaFndds	fdc:2708959	exact
curated:sushi	usdaBranded	fdc:1970978	exact
curated:sweet-hot-mustard	usdaBranded	fdc:2024908	exact
curated:sweet-onion-dressing	usdaBranded	fdc:2567427	exact
curated:sweet-potato-pie	usdaFndds	fdc:2708012	exact
curated:sweet-potato-pie	usdaBranded	fdc:1956614	exact
curated:sweet-vermouth	ciqual	1007	close
curated:sweet-vermouth	matvaretabellen	13.052	exact
curated:taco-dinner-kit	usdaBranded	fdc:1854909	exact
curated:taco-sauce	usdaFndds	fdc:2709740	generic
curated:taco-sauce	matvaretabellen	06.149	exact
curated:taco-sauce	usdaBranded	fdc:2396471	exact
curated:take-and-bake-pizza	usdaBranded	fdc:2091573	exact
curated:tamarind-paste	usdaFndds	fdc:2709269	generic
curated:tamarind-paste	usdaBranded	fdc:2174116	exact
curated:tarragon	ciqual	11092	exact
curated:tarragon	cofid	13-857	exact
curated:tarragon-vinegar	usdaFndds	fdc:2709351	generic
curated:tequila	usdaFndds	fdc:2710705	exact
curated:tequila	cofid	17-247	close
curated:tortilla-strips	usdaFndds	fdc:2708202	close
curated:tortilla-strips	usdaBranded	fdc:2018155	exact
curated:triple-sec	usdaFndds	fdc:2710623	generic
curated:triple-sec	ciqual	1003	generic
curated:triple-sec	matvaretabellen	13.014	generic
curated:truffle-oil	usdaFndds	fdc:2710186	close
curated:truffle-oil	usdaBranded	fdc:2053257	exact
curated:turkey-jerky	usdaBranded	fdc:2487686	exact
curated:tzatziki	usdaFndds	fdc:2705448	exact
curated:tzatziki	ciqual	19863	exact
curated:tzatziki	cofid	12-547	exact
curated:tzatziki	matvaretabellen	06.673	exact
curated:tzatziki	usdaBranded	fdc:2023348	exact
curated:vanilla-beans	usdaBranded	fdc:2031308	exact
curated:veal-stock	ciqual	11304	exact
curated:vegetable-medley	usdaBranded	fdc:2113617	exact
curated:vegetable-soup-mix	cofid	17-653	generic
curated:vegetable-soup-mix	usdaBranded	fdc:1903216	exact
curated:vegetable-tray	usdaBranded	fdc:2073863	exact
curated:vodka-sauce	usdaFndds	fdc:2709749	exact
curated:vodka-sauce	usdaBranded	fdc:2379569	exact
curated:watermelon-juice	usdaFndds	fdc:2709333	close
curated:watermelon-juice	usdaBranded	fdc:2430607	exact
curated:white-clam-sauce	usdaBranded	fdc:1946106	exact
curated:white-miso	usdaFndds	fdc:2707439	generic
curated:white-miso	stfcj	17044	close
curated:white-miso	stfcj	17045	generic
curated:white-miso	usdaBranded	fdc:1866216	exact
curated:white-peppercorns	usdaSrFoundation	fdc:170933	sameSubstance
curated:white-peppercorns	ciqual	11019	sameSubstance
curated:white-peppercorns	cofid	13-881	sameSubstance
curated:white-peppercorns	stfcj	17064	sameSubstance
curated:white-peppercorns	matvaretabellen	06.166	sameSubstance
curated:white-rum	usdaSrFoundation	fdc:174817	sameSubstance
curated:white-rum	usdaFndds	fdc:2710703	sameSubstance
curated:white-rum	ciqual	1004	sameSubstance
curated:white-rum	cofid	17-247	close
curated:white-wine-vinegar	ciqual	11220	close
curated:white-wine-vinegar	cofid	17-339	close
curated:white-wine-vinegar	matvaretabellen	12.119	close
curated:white-wine-vinegar	usdaBranded	fdc:2402645	exact
curated:whole-allspice	usdaSrFoundation	fdc:171315	sameSubstance
curated:whole-allspice	cofid	13-801	sameSubstance
curated:whole-allspice	stfcj	17055	sameSubstance
curated:whole-cloves	usdaSrFoundation	fdc:171321	sameSubstance
curated:whole-cloves	ciqual	11052	sameSubstance
curated:whole-cloves	cofid	13-816	sameSubstance
curated:whole-cloves	stfcj	17062	sameSubstance
curated:whole-cloves	matvaretabellen	06.162	sameSubstance
curated:whole-cloves	usdaBranded	fdc:2094054	exact
curated:whole-duck	usdaSrFoundation	fdc:172408	sameSubstance
curated:whole-duck	cofid	18-371	exact
curated:whole-duck	matvaretabellen	03.001	exact
curated:whole-grain-mustard	ciqual	11021	exact
curated:whole-grain-mustard	stfcj	17060	exact
curated:whole-grain-mustard	usdaBranded	fdc:1896423	exact
curated:whole-nutmeg	usdaSrFoundation	fdc:171326	sameSubstance
curated:whole-nutmeg	ciqual	11048	sameSubstance
curated:whole-nutmeg	cofid	13-877	sameSubstance
curated:whole-nutmeg	stfcj	17074	sameSubstance
curated:whole-nutmeg	matvaretabellen	06.161	sameSubstance
curated:wing-seasoning	usdaBranded	fdc:2034867	exact
curated:yellow-curry-paste	usdaBranded	fdc:2008055	exact
curated:yerba-mate	usdaBranded	fdc:2585807	exact
curated:yogurt-drinks	ciqual	19508	generic
curated:yogurt-drinks	usdaBranded	fdc:1852872	exact
curated:yum-yum-sauce	usdaBranded	fdc:2637290	exact
