seedKey	source	key	match	entryName	reason	blockedReason
curated:anchovy-paste	bls	T860100	exact	Anchovy paste	anchovy paste (Sardellenpaste)	BLS 4.0 values need the operator download of the full BLS 4.0 file (blsdb.de refuses scripted downloads); only the code list (blsMapping.xlsx) is readable
curated:angostura-bitters	bls	P7A2000	generic	Bitter-tasting spirit drink or bitter	sweetened bitter spirit drink, not cocktail bitters used in dashes (review: generous as close)	BLS 4.0 values need the operator download of the full BLS 4.0 file (blsdb.de refuses scripted downloads); only the code list (blsMapping.xlsx) is readable
curated:apple-nectar	bls	F110700	exact	Apple nectar	apple nectar	BLS 4.0 values need the operator download of the full BLS 4.0 file (blsdb.de refuses scripted downloads); only the code list (blsMapping.xlsx) is readable
curated:armagnac	bls	P610000	close	Cognac	Cognac, a sibling grape brandy	BLS 4.0 values need the operator download of the full BLS 4.0 file (blsdb.de refuses scripted downloads); only the code list (blsMapping.xlsx) is readable
curated:beet-juice	bls	G613600	exact	Beetroot juice	beetroot juice	BLS 4.0 values need the operator download of the full BLS 4.0 file (blsdb.de refuses scripted downloads); only the code list (blsMapping.xlsx) is readable
curated:black-peppercorns	bls	R258100	sameSubstance	Pepper black, dried	black pepper, dried	BLS 4.0 values need the operator download of the full BLS 4.0 file (blsdb.de refuses scripted downloads); only the code list (blsMapping.xlsx) is readable
curated:black-truffles	bls	K702902	close	Black truffle (Perigord black truffle) canned, drained	Perigord truffle canned, drained vs jarred summer truffle (species differs)	BLS 4.0 values need the operator download of the full BLS 4.0 file (blsdb.de refuses scripted downloads); only the code list (blsMapping.xlsx) is readable
curated:bottled-yerba-mate	bls	N611000	generic	Mate tea (infusion)	brewed mate infusion; a bottled mate may be sweetened	BLS 4.0 values need the operator download of the full BLS 4.0 file (blsdb.de refuses scripted downloads); only the code list (blsMapping.xlsx) is readable
curated:bourbon	bls	P733000	sameSubstance	Whisky/whiskey	whisky/whiskey	BLS 4.0 values need the operator download of the full BLS 4.0 file (blsdb.de refuses scripted downloads); only the code list (blsMapping.xlsx) is readable
curated:brandy	bls	P620000	exact	Brandy/Weinbrand	brandy (Weinbrand)	BLS 4.0 values need the operator download of the full BLS 4.0 file (blsdb.de refuses scripted downloads); only the code list (blsMapping.xlsx) is readable
curated:brioche	bls	D461602	exact	Brioches (yeast dough) without filling	brioches without filling	BLS 4.0 values need the operator download of the full BLS 4.0 file (blsdb.de refuses scripted downloads); only the code list (blsMapping.xlsx) is readable
curated:calvados	bls	P640000	exact	Calvados	Calvados	BLS 4.0 values need the operator download of the full BLS 4.0 file (blsdb.de refuses scripted downloads); only the code list (blsMapping.xlsx) is readable
curated:campari	bls	P560000	close	Bitter/herb/spice liqueur	bitter/herb liqueur; Campari is a bitter liqueur (~25% vol). P560100 is the 11% vol version, rejected	BLS 4.0 values need the operator download of the full BLS 4.0 file (blsdb.de refuses scripted downloads); only the code list (blsMapping.xlsx) is readable
curated:champagne	bls	P2A6110	close	Quality sparkling wine brut	quality sparkling wine, brut	BLS 4.0 values need the operator download of the full BLS 4.0 file (blsdb.de refuses scripted downloads); only the code list (blsMapping.xlsx) is readable
curated:champagne-vinegar	bls	R121000	close	Wine vinegar	wine vinegar	BLS 4.0 values need the operator download of the full BLS 4.0 file (blsdb.de refuses scripted downloads); only the code list (blsMapping.xlsx) is readable
curated:chicken-tenderloins	bls	V4A6100	close	Chicken breast, without skin, raw	chicken breast without skin, raw	BLS 4.0 values need the operator download of the full BLS 4.0 file (blsdb.de refuses scripted downloads); only the code list (blsMapping.xlsx) is readable
curated:chili-garlic-sauce	bls	R146100	generic	Chilli sauce (Sambal Oelek)	sambal oelek (chili paste, no garlic)	BLS 4.0 values need the operator download of the full BLS 4.0 file (blsdb.de refuses scripted downloads); only the code list (blsMapping.xlsx) is readable
curated:chutney	bls	R144100	close	Fruit chutney	fruit chutney	BLS 4.0 values need the operator download of the full BLS 4.0 file (blsdb.de refuses scripted downloads); only the code list (blsMapping.xlsx) is readable
curated:cognac	bls	P610000	exact	Cognac	Cognac	BLS 4.0 values need the operator download of the full BLS 4.0 file (blsdb.de refuses scripted downloads); only the code list (blsMapping.xlsx) is readable
curated:coleslaw	bls	X2A1030	close	Coleslaw with sour cream dressing	coleslaw with sour cream dressing	BLS 4.0 values need the operator download of the full BLS 4.0 file (blsdb.de refuses scripted downloads); only the code list (blsMapping.xlsx) is readable
curated:conversation-hearts	bls	S380000	close	Compressed sweet/candy	compressed sugar candy (Komprimate)	BLS 4.0 values need the operator download of the full BLS 4.0 file (blsdb.de refuses scripted downloads); only the code list (blsMapping.xlsx) is readable
curated:cornichons	bls	G890902	exact	Cornichons pickled, canned, drained	cornichons pickled, canned, drained	BLS 4.0 values need the operator download of the full BLS 4.0 file (blsdb.de refuses scripted downloads); only the code list (blsMapping.xlsx) is readable
curated:crystallized-ginger	bls	S478100	exact	Ginger candied	candied ginger	BLS 4.0 values need the operator download of the full BLS 4.0 file (blsdb.de refuses scripted downloads); only the code list (blsMapping.xlsx) is readable
curated:dried-porcini-mushrooms	bls	K718400	exact	Porcini mushroom dried	porcini (Steinpilz), dried; CIQUAL 20160 is raw, excluded	BLS 4.0 values need the operator download of the full BLS 4.0 file (blsdb.de refuses scripted downloads); only the code list (blsMapping.xlsx) is readable
curated:dry-sherry	bls	P461000	exact	Sherry dry	dry sherry, per 100 g (owner correction)	BLS 4.0 values need the operator download of the full BLS 4.0 file (blsdb.de refuses scripted downloads); only the code list (blsMapping.xlsx) is readable
curated:dry-sherry	bls	P462000	close	Sherry medium dry	medium dry sherry	BLS 4.0 values need the operator download of the full BLS 4.0 file (blsdb.de refuses scripted downloads); only the code list (blsMapping.xlsx) is readable
curated:dry-vermouth	bls	P341300	exact	Vermouth dry	dry vermouth (owner correction)	BLS 4.0 values need the operator download of the full BLS 4.0 file (blsdb.de refuses scripted downloads); only the code list (blsMapping.xlsx) is readable
curated:duck-fat	bls	Q810000	exact	Duck fat	duck fat	BLS 4.0 values need the operator download of the full BLS 4.0 file (blsdb.de refuses scripted downloads); only the code list (blsMapping.xlsx) is readable
curated:fleur-de-sel	bls	R112000	close	Sea salt	sea salt	BLS 4.0 values need the operator download of the full BLS 4.0 file (blsdb.de refuses scripted downloads); only the code list (blsMapping.xlsx) is readable
curated:frozen-boneless-skinless-chicken-breasts	bls	V4A6100	sameSubstance	Chicken breast, without skin, raw	chicken breast without skin, raw	BLS 4.0 values need the operator download of the full BLS 4.0 file (blsdb.de refuses scripted downloads); only the code list (blsMapping.xlsx) is readable
curated:frozen-california-blend	bls	G090200	exact	Mixed vegetables (carrots, cauliflower and broccoli florets) deep-frozen	carrot, cauliflower and broccoli mix, deep-frozen	BLS 4.0 values need the operator download of the full BLS 4.0 file (blsdb.de refuses scripted downloads); only the code list (blsMapping.xlsx) is readable
curated:frozen-flounder	bls	T311100	close	Flounder raw	European flounder, raw	BLS 4.0 values need the operator download of the full BLS 4.0 file (blsdb.de refuses scripted downloads); only the code list (blsMapping.xlsx) is readable
curated:frozen-pink-salmon	bls	T412200	exact	Pink salmon deep-frozen	pink salmon, deep-frozen	BLS 4.0 values need the operator download of the full BLS 4.0 file (blsdb.de refuses scripted downloads); only the code list (blsMapping.xlsx) is readable
curated:frozen-sockeye-salmon	bls	T417200	close	Pacific salmon deep-frozen	Pacific salmon, deep-frozen (species mix)	BLS 4.0 values need the operator download of the full BLS 4.0 file (blsdb.de refuses scripted downloads); only the code list (blsMapping.xlsx) is readable
curated:frozen-swai	bls	T507100	sameSubstance	Striped catfish raw	striped catfish (Pangasius), raw	BLS 4.0 values need the operator download of the full BLS 4.0 file (blsdb.de refuses scripted downloads); only the code list (blsMapping.xlsx) is readable
curated:gin	bls	P722000	exact	Gin	gin	BLS 4.0 values need the operator download of the full BLS 4.0 file (blsdb.de refuses scripted downloads); only the code list (blsMapping.xlsx) is readable
curated:gnocchi	bls	K270000	exact	Gnocchi raw	gnocchi, raw	BLS 4.0 values need the operator download of the full BLS 4.0 file (blsdb.de refuses scripted downloads); only the code list (blsMapping.xlsx) is readable
curated:gorgonzola-cheese	bls	M5B1600	exact	Gorgonzola cheese min. 48 % fat in dry matter	Gorgonzola cheese	BLS 4.0 values need the operator download of the full BLS 4.0 file (blsdb.de refuses scripted downloads); only the code list (blsMapping.xlsx) is readable
curated:guacamole	bls	X389000	exact	Avocado dip (Guacamole)	avocado dip (guacamole)	BLS 4.0 values need the operator download of the full BLS 4.0 file (blsdb.de refuses scripted downloads); only the code list (blsMapping.xlsx) is readable
curated:havarti-cheese	bls	M508600	exact	Havarti cheese min. 45 % fat in dry matter	Havarti cheese	BLS 4.0 values need the operator download of the full BLS 4.0 file (blsdb.de refuses scripted downloads); only the code list (blsMapping.xlsx) is readable
curated:himalayan-pink-salt	bls	R111100	close	Rock salt	rock salt	BLS 4.0 values need the operator download of the full BLS 4.0 file (blsdb.de refuses scripted downloads); only the code list (blsMapping.xlsx) is readable
curated:honey-mustard	bls	R135000	close	Mustard sweet	sweet (Bavarian) mustard vs honey mustard	BLS 4.0 values need the operator download of the full BLS 4.0 file (blsdb.de refuses scripted downloads); only the code list (blsMapping.xlsx) is readable
curated:lobster-bisque	bls	X459263	close	Lobster soup with whipped cream, white wine and celery	lobster soup with cream and white wine	BLS 4.0 values need the operator download of the full BLS 4.0 file (blsdb.de refuses scripted downloads); only the code list (blsMapping.xlsx) is readable
curated:madeira	bls	P432000	exact	Madeira wine	Madeira wine (owner correction)	BLS 4.0 values need the operator download of the full BLS 4.0 file (blsdb.de refuses scripted downloads); only the code list (blsMapping.xlsx) is readable
curated:marinated-artichoke-hearts	bls	G410702	close	Artichokes in oil, canned, drained	artichoke in oil, drained	BLS 4.0 values need the operator download of the full BLS 4.0 file (blsdb.de refuses scripted downloads); only the code list (blsMapping.xlsx) is readable
curated:mascarpone-cheese	bls	M7A6800	exact	Mascarpone min. 80 % fat in dry matter	mascarpone	BLS 4.0 values need the operator download of the full BLS 4.0 file (blsdb.de refuses scripted downloads); only the code list (blsMapping.xlsx) is readable
curated:nori	bls	G995000	exact	Sushi nori (toasted)	sushi nori, toasted	BLS 4.0 values need the operator download of the full BLS 4.0 file (blsdb.de refuses scripted downloads); only the code list (blsMapping.xlsx) is readable
curated:orange-bitters	bls	P7A2000	generic	Bitter-tasting spirit drink or bitter	sweetened bitter spirit drink, not cocktail bitters	BLS 4.0 values need the operator download of the full BLS 4.0 file (blsdb.de refuses scripted downloads); only the code list (blsMapping.xlsx) is readable
curated:oxtails	bls	U109100	exact	Beef oxtail, raw	beef oxtail, raw	BLS 4.0 values need the operator download of the full BLS 4.0 file (blsdb.de refuses scripted downloads); only the code list (blsMapping.xlsx) is readable
curated:pearl-onions	bls	G484100	exact	Pearl onion raw	pearl onion, raw	BLS 4.0 values need the operator download of the full BLS 4.0 file (blsdb.de refuses scripted downloads); only the code list (blsMapping.xlsx) is readable
curated:piquillo-peppers	bls	G543072	close	Sweet pepper red, grilled	red sweet pepper, grilled	BLS 4.0 values need the operator download of the full BLS 4.0 file (blsdb.de refuses scripted downloads); only the code list (blsMapping.xlsx) is readable
curated:port	bls	P431000	exact	Port wine	port wine, per 100 g (owner correction)	BLS 4.0 values need the operator download of the full BLS 4.0 file (blsdb.de refuses scripted downloads); only the code list (blsMapping.xlsx) is readable
curated:potato-starch	bls	K230000	exact	Potato starch (potato flour)	potato starch	BLS 4.0 values need the operator download of the full BLS 4.0 file (blsdb.de refuses scripted downloads); only the code list (blsMapping.xlsx) is readable
curated:probiotic-drinks	bls	M2A2200	close	Milk drink > 1 % fat, probiotic, flavoured, sweetened, fortified with vitamins	probiotic milk drink, flavoured, sweetened	BLS 4.0 values need the operator download of the full BLS 4.0 file (blsdb.de refuses scripted downloads); only the code list (blsMapping.xlsx) is readable
curated:pumpkin-seed-oil	bls	Q250000	exact	Pumpkin seed oil	pumpkin seed oil	BLS 4.0 values need the operator download of the full BLS 4.0 file (blsdb.de refuses scripted downloads); only the code list (blsMapping.xlsx) is readable
curated:quick-cooking-tapioca	bls	K512000	sameSubstance	Tapioca (granulated cassava starch)	tapioca	BLS 4.0 values need the operator download of the full BLS 4.0 file (blsdb.de refuses scripted downloads); only the code list (blsMapping.xlsx) is readable
curated:rambutan	bls	F559100	exact	Rambutan raw	rambutan, raw	BLS 4.0 values need the operator download of the full BLS 4.0 file (blsdb.de refuses scripted downloads); only the code list (blsMapping.xlsx) is readable
curated:roasted-red-peppers	bls	G543072	close	Sweet pepper red, grilled	red sweet pepper, grilled	BLS 4.0 values need the operator download of the full BLS 4.0 file (blsdb.de refuses scripted downloads); only the code list (blsMapping.xlsx) is readable
curated:sambal-oelek	bls	R146100	exact	Chilli sauce (Sambal Oelek)	sambal oelek	BLS 4.0 values need the operator download of the full BLS 4.0 file (blsdb.de refuses scripted downloads); only the code list (blsMapping.xlsx) is readable
curated:sea-salt	bls	R112000	exact	Sea salt	sea salt	BLS 4.0 values need the operator download of the full BLS 4.0 file (blsdb.de refuses scripted downloads); only the code list (blsMapping.xlsx) is readable
curated:seasoned-salt	bls	R115000	close	Seasoned salt/herb salt	seasoned salt / herb salt (Gewurzsalz); blend differs from US seasoned salt	BLS 4.0 values need the operator download of the full BLS 4.0 file (blsdb.de refuses scripted downloads); only the code list (blsMapping.xlsx) is readable
curated:sherry-vinegar	bls	R121000	close	Wine vinegar	wine vinegar; sherry vinegar is an aged wine vinegar	BLS 4.0 values need the operator download of the full BLS 4.0 file (blsdb.de refuses scripted downloads); only the code list (blsMapping.xlsx) is readable
curated:smoked-trout	bls	T422600	exact	Trout smoked	trout, smoked	BLS 4.0 values need the operator download of the full BLS 4.0 file (blsdb.de refuses scripted downloads); only the code list (blsMapping.xlsx) is readable
curated:sorbet	bls	S201000	exact	Fruit sherbet/sorbet	fruit sorbet	BLS 4.0 values need the operator download of the full BLS 4.0 file (blsdb.de refuses scripted downloads); only the code list (blsMapping.xlsx) is readable
curated:sparkling-water	ciqual	18046	close	Mineral sparkling water, bottled (average)	sparkling mineral water, bottled, average	not extractable yet: carbohydrate cell '0,0046' has 4 decimal places (an extract holds at most 3)
curated:spicy-brown-mustard	bls	R133000	close	Mustard hot	hot mustard	BLS 4.0 values need the operator download of the full BLS 4.0 file (blsdb.de refuses scripted downloads); only the code list (blsMapping.xlsx) is readable
curated:sprinkles	bls	S463000	exact	Hundreds and Thousands sprinkles	hundreds and thousands sprinkles	BLS 4.0 values need the operator download of the full BLS 4.0 file (blsdb.de refuses scripted downloads); only the code list (blsMapping.xlsx) is readable
curated:sweet-hot-mustard	bls	R135000	close	Mustard sweet	sweet (Bavarian) mustard vs sweet-hot mustard	BLS 4.0 values need the operator download of the full BLS 4.0 file (blsdb.de refuses scripted downloads); only the code list (blsMapping.xlsx) is readable
curated:sweet-vermouth	bls	P341600	exact	Vermouth sweet	sweet vermouth	BLS 4.0 values need the operator download of the full BLS 4.0 file (blsdb.de refuses scripted downloads); only the code list (blsMapping.xlsx) is readable
curated:tarragon-vinegar	bls	R124000	close	Herb vinegar	herb vinegar	BLS 4.0 values need the operator download of the full BLS 4.0 file (blsdb.de refuses scripted downloads); only the code list (blsMapping.xlsx) is readable
curated:tequila	bls	P7A4000	exact	Agave spirit (Mezcal/Tequila)	agave spirit (mezcal/tequila)	BLS 4.0 values need the operator download of the full BLS 4.0 file (blsdb.de refuses scripted downloads); only the code list (blsMapping.xlsx) is readable
curated:veal-stock	bls	X411563	exact	Veal stock	veal stock	BLS 4.0 values need the operator download of the full BLS 4.0 file (blsdb.de refuses scripted downloads); only the code list (blsMapping.xlsx) is readable
curated:vegetable-medley	bls	G090100	generic	Mixed vegetables (carrots, cauliflower and broccoli florets) raw	fixed carrot-cauliflower-broccoli mix; a medley has no fixed composition	BLS 4.0 values need the operator download of the full BLS 4.0 file (blsdb.de refuses scripted downloads); only the code list (blsMapping.xlsx) is readable
curated:white-wine-vinegar	bls	R121000	close	Wine vinegar	wine vinegar, colour not stated	BLS 4.0 values need the operator download of the full BLS 4.0 file (blsdb.de refuses scripted downloads); only the code list (blsMapping.xlsx) is readable
